{
	"id": "67de5da9-a81a-4cd7-bc45-fee96a39d6e5",
	"name": "Flight_Complete_Flow",
	"values": [
		{
			"key": "url",
			"value": "https://secure.yatra.com",
			"enabled": true
		},
		{
			"key": "Device-Id",
			"value": "b73d13743966d9cd",
			"enabled": true
		},
		{
			"key": "yt-code",
			"value": "898cca20b1066c2621c4ee78d5f32850",
			"enabled": true
		},
		{
			"key": "Parent-Interaction-Id",
			"value": "e043b3fc-0829-4c4e-a4b6-0760b1447fd5",
			"enabled": true
		},
		{
			"key": "Connection",
			"value": "close",
			"enabled": true
		},
		{
			"key": "User-Agent",
			"value": "yatra/13.0.95 (Android 9)",
			"enabled": true
		},
		{
			"key": "App-Version",
			"value": "339",
			"enabled": true
		},
		{
			"key": "secure-s-token",
			"value": "1b99a635-f77f-4ff4-b35c-4870725e97a9",
			"enabled": true
		},
		{
			"key": "Session-Id",
			"value": "b73d13743966d9cd15864154924976981",
			"enabled": true
		},
		{
			"key": "Content-Type",
			"value": "application/x-www-form-urlencoded",
			"enabled": true
		},
		{
			"key": "Resources",
			"value": "ccwebapp/mobile/flight/mdomandroid",
			"enabled": true
		},
		{
			"key": "departureDate",
			"value": "",
			"enabled": true
		},
		{
			"key": "destination",
			"value": "",
			"enabled": true
		},
		{
			"key": "origin",
			"value": "",
			"enabled": true
		},
		{
			"key": "osVersion",
			"value": "",
			"enabled": true
		},
		{
			"key": "tripType",
			"value": "",
			"enabled": true
		},
		{
			"key": "flightId",
			"value": "",
			"enabled": true
		},
		{
			"key": "totalFare",
			"value": "",
			"enabled": true
		},
		{
			"key": "fltSupplierId",
			"value": "",
			"enabled": true
		},
		{
			"key": "supplierID",
			"value": "",
			"enabled": true
		},
		{
			"key": "SearchId",
			"value": "",
			"enabled": true
		},
		{
			"key": "SuperPnr",
			"value": "",
			"enabled": true
		},
		{
			"key": "pricingID",
			"value": "",
			"enabled": true
		}
	],
	"_postman_variable_scope": "environment",
	"_postman_exported_at": "2020-04-10T08:53:16.480Z",
	"_postman_exported_using": "Postman/7.22.1"
}