{
	"info": {
		"_postman_id": "ded3c681-b49e-43e1-a502-77597510020c",
		"name": "Flight_Service",
		"schema": "https://schema.getpostman.com/json/collection/v2.1.0/collection.json"
	},
	"item": [
		{
			"name": "getFares.htm",
			"event": [
				{
					"listen": "prerequest",
					"script": {
						"id": "9fdd5cc9-df84-46a8-8e5e-9ca28baed35a",
						"exec": [
							"//Add headers directly \r",
							"/* pm.request.headers.add({\r",
							"    'key': \"Connection\",\r",
							"    'value': \"close\"    \r",
							"});\r",
							"\r",
							"//Add headers throught environment variables\r",
							"pm.request.headers.add({\r",
							"    'key': \"Device-Id\",\r",
							"    'value': pm.environment.get(\"Device-Id\")    \r",
							"}); \r",
							"*/\r",
							"\r",
							"postman.setEnvironmentVariable('Device-Id','b73d13743966d9cd');\r",
							"postman.setEnvironmentVariable('yt-code','898cca20b1066c2621c4ee78d5f32850');\r",
							"postman.setEnvironmentVariable('Parent-Interaction-Id','e043b3fc-0829-4c4e-a4b6-0760b1447fd5');\r",
							"postman.setEnvironmentVariable('Connection','close');\r",
							"postman.setEnvironmentVariable('User-Agent','yatra/13.0.95 (Android 9)');\r",
							"postman.setEnvironmentVariable('App-Version','339');\r",
							"postman.setEnvironmentVariable('secure-s-token','1b99a635-f77f-4ff4-b35c-4870725e97a9');\r",
							"postman.setEnvironmentVariable('Session-Id','b73d13743966d9cd15864154924976981');\r",
							"postman.setEnvironmentVariable('Content-Type','application/x-www-form-urlencoded');\r",
							"postman.setEnvironmentVariable('osVersion','28');\r",
							"postman.setEnvironmentVariable('origin','DEL');\r",
							"postman.setEnvironmentVariable('destination','BOM');\r",
							"postman.setEnvironmentVariable('url','https://secure.yatra.com');\r",
							"postman.setEnvironmentVariable('Resources','ccwebapp/mobile/flight/mdomandroid');\r",
							"\r",
							"\r",
							"\r",
							"\r",
							"\r",
							"\r",
							"\r",
							""
						],
						"type": "text/javascript"
					}
				},
				{
					"listen": "test",
					"script": {
						"id": "f877a9a2-0877-43ab-9f04-0ff871fc292d",
						"exec": [
							"var resBody = JSON.parse(responseBody);",
							"var ParentInteractionId= resBody.interactionId;",
							"postman.setEnvironmentVariable('Parent-Interaction-Id',ParentInteractionId);",
							""
						],
						"type": "text/javascript"
					}
				}
			],
			"request": {
				"auth": {
					"type": "noauth"
				},
				"method": "POST",
				"header": [
					{
						"key": "yt-code",
						"value": " {{yt-code}}",
						"type": "text"
					},
					{
						"key": "Parent-Interaction-Id",
						"value": "{{Parent-Interaction-Id}}",
						"type": "text"
					},
					{
						"key": "User-Agent",
						"value": "{{User-Agent}}",
						"type": "text"
					},
					{
						"key": "App-Version",
						"value": " {{App-Version}}",
						"type": "text"
					},
					{
						"key": "secure-s-token",
						"value": "{{secure-s-token}}",
						"type": "text"
					},
					{
						"key": "Session-Id",
						"value": " {{Session-Id}}",
						"type": "text"
					},
					{
						"key": "Content-Type",
						"value": "{{Content-Type}}",
						"type": "text"
					}
				],
				"body": {
					"mode": "urlencoded",
					"urlencoded": [
						{
							"key": "showReturnFares",
							"value": "true",
							"type": "text"
						},
						{
							"key": "appVersion",
							"value": "{{App-Version}}",
							"type": "text"
						},
						{
							"key": "osVersion",
							"value": "",
							"type": "text"
						},
						{
							"key": "origin",
							"value": "{{origin}}",
							"type": "text"
						},
						{
							"key": "destination",
							"value": "{{destination}}",
							"type": "text"
						},
						{
							"key": "showOnwardFares",
							"value": "true",
							"type": "text"
						},
						{
							"key": "flightType",
							"value": "R",
							"type": "text"
						},
						{
							"key": "userType",
							"value": "GUEST",
							"type": "text"
						},
						{
							"key": "sessionId",
							"value": "{{Session-Id}}",
							"type": "text"
						},
						{
							"key": "bookingMode",
							"value": "",
							"type": "text"
						},
						{
							"key": "deviceId",
							"value": "{{Device-Id}}",
							"type": "text"
						}
					]
				},
				"url": {
					"raw": "{{url}}/{{Resources}}/getFares.htm",
					"host": [
						"{{url}}"
					],
					"path": [
						"{{Resources}}",
						"getFares.htm"
					]
				},
				"description": "Get Persuation call used to get fares"
			},
			"response": []
		},
		{
			"name": "PrestoCall",
			"event": [
				{
					"listen": "prerequest",
					"script": {
						"id": "198ee521-e844-4fb0-9976-8acd341d4da6",
						"exec": [
							"postman.setEnvironmentVariable('tripType','ONEWAY');",
							"",
							""
						],
						"type": "text/javascript"
					}
				},
				{
					"listen": "test",
					"script": {
						"id": "a4fd18af-4cce-41f5-a293-505e47ed46be",
						"exec": [
							"var resBody = JSON.parse(responseBody);",
							"var flightId= resBody.response.searchResults.sectorResults[0].flights[0].allFares[0].flightId;",
							"var totalFare= resBody.response.searchResults.sectorResults[0].flights[0].allFares[0].totalFare;",
							"var supplierID= resBody.response.searchResults.sectorResults[0].flights[0].allFares[0].fltSupplierId;",
							"",
							"var ParentInteractionId= resBody.interactionId;",
							"postman.setEnvironmentVariable('Parent-Interaction-Id',ParentInteractionId);",
							"postman.setEnvironmentVariable('SearchId',ParentInteractionId);",
							"postman.setEnvironmentVariable('supplierID',supplierID);",
							"console.log('FlightId is fetch from response:  '+ flightId);",
							"postman.setEnvironmentVariable('flightId',flightId);",
							"postman.setEnvironmentVariable('totalFare',totalFare);",
							"",
							"",
							"",
							""
						],
						"type": "text/javascript"
					}
				}
			],
			"request": {
				"method": "POST",
				"header": [
					{
						"key": "yt-code",
						"value": " {{yt-code}}",
						"type": "text"
					},
					{
						"key": "Parent-Interaction-Id",
						"value": "{{Parent-Interaction-Id}}",
						"type": "text"
					},
					{
						"key": "User-Agent",
						"value": "{{User-Agent}}",
						"type": "text"
					},
					{
						"key": "App-Version",
						"value": " {{App-Version}}",
						"type": "text"
					},
					{
						"key": "secure-s-token",
						"value": "{{secure-s-token}}",
						"type": "text"
					},
					{
						"key": "Session-Id",
						"value": " {{Session-Id}}",
						"type": "text"
					},
					{
						"warning": "This is a duplicate header and will be overridden by the Content-Type header generated by Postman.",
						"key": "Content-Type",
						"value": "{{Content-Type}}",
						"type": "text"
					},
					{
						"key": "Connection",
						"value": "close",
						"type": "text"
					}
				],
				"body": {
					"mode": "urlencoded",
					"urlencoded": [
						{
							"key": "appVersion",
							"value": "{{App-Version}}",
							"type": "text"
						},
						{
							"key": "sessionId",
							"value": "{{Session-Id}}",
							"type": "text"
						},
						{
							"key": "deviceId",
							"value": "{{Device-Id}}",
							"type": "text"
						},
						{
							"key": "osVersion",
							"value": "{{osVersion}}",
							"type": "text"
						},
						{
							"key": "noOfChildren",
							"value": "0",
							"type": "text"
						},
						{
							"key": "tripList[0].destination",
							"value": "{{destination}}",
							"type": "text"
						},
						{
							"key": "noOfAdults",
							"value": "1",
							"type": "text"
						},
						{
							"key": "enableMulti",
							"value": "true",
							"type": "text"
						},
						{
							"key": "noOfInfants",
							"value": "0",
							"type": "text"
						},
						{
							"key": "travelClass",
							"value": "Economy",
							"type": "text"
						},
						{
							"key": "tripType",
							"value": "{{tripType}}",
							"type": "text"
						},
						{
							"key": "domain",
							"value": "DOM",
							"type": "text"
						},
						{
							"key": "tripList[0].departureDate",
							"value": "{{departureDate}}",
							"type": "text"
						},
						{
							"key": "expectedRespTime",
							"value": "90000",
							"type": "text"
						},
						{
							"key": "userType",
							"value": "GUEST",
							"type": "text"
						},
						{
							"key": "tripList[0].origin",
							"value": "{{origin}}",
							"type": "text"
						},
						{
							"key": "bookingMode",
							"value": "",
							"type": "text"
						}
					]
				},
				"url": {
					"raw": "{{url}}/{{Resources}}/getFlightsFromPresto.htm",
					"host": [
						"{{url}}"
					],
					"path": [
						"{{Resources}}",
						"getFlightsFromPresto.htm"
					]
				}
			},
			"response": []
		},
		{
			"name": "getPersuasionData.htm",
			"request": {
				"method": "POST",
				"header": [],
				"url": {
					"raw": ""
				}
			},
			"response": []
		},
		{
			"name": "getFlightPrice Background",
			"event": [
				{
					"listen": "test",
					"script": {
						"id": "6cee702c-e75a-4876-800d-832f0b0e2798",
						"exec": [
							"var resBody = JSON.parse(responseBody);",
							"var ParentInteractionId= resBody.interactionId;",
							"postman.setEnvironmentVariable('Parent-Interaction-Id',ParentInteractionId);",
							"",
							"var pricingID= resBody.response.pricingId;",
							"postman.setEnvironmentVariable('pricingID',pricingID);",
							""
						],
						"type": "text/javascript"
					}
				}
			],
			"request": {
				"method": "POST",
				"header": [
					{
						"key": "yt-code",
						"value": " {{yt-code}}",
						"type": "text"
					},
					{
						"key": "Parent-Interaction-Id",
						"value": "{{Parent-Interaction-Id}}",
						"type": "text"
					},
					{
						"key": "User-Agent",
						"value": "{{User-Agent}}",
						"type": "text"
					},
					{
						"key": "App-Version",
						"value": " {{App-Version}}",
						"type": "text"
					},
					{
						"key": "secure-s-token",
						"value": "{{secure-s-token}}",
						"type": "text"
					},
					{
						"key": "Session-Id",
						"value": " {{Session-Id}}",
						"type": "text"
					},
					{
						"warning": "This is a duplicate header and will be overridden by the Content-Type header generated by Postman.",
						"key": "Content-Type",
						"value": "{{Content-Type}}",
						"type": "text"
					},
					{
						"key": "Device-Id",
						"value": "{{Device-Id}}",
						"type": "text"
					},
					{
						"key": "Connection",
						"value": "close",
						"type": "text"
					}
				],
				"body": {
					"mode": "urlencoded",
					"urlencoded": [
						{
							"key": "appVersion",
							"value": "{{App-Version}}",
							"type": "text"
						},
						{
							"key": "sessionId",
							"value": "{{Session-Id}}",
							"type": "text"
						},
						{
							"key": "deviceId",
							"value": "{{Device-Id}}",
							"type": "text"
						},
						{
							"key": "osVersion",
							"value": "{{osVersion}}",
							"type": "text"
						},
						{
							"key": "flightPrice",
							"value": "{{totalFare}}",
							"type": "text"
						},
						{
							"key": "flightIdCSV",
							"value": "{{flightId}}",
							"type": "text"
						},
						{
							"key": "FlightIDCSV_Supplier",
							"value": "{{flightId}}",
							"type": "text"
						},
						{
							"key": "searchId",
							"value": "{{SearchId}}",
							"type": "text"
						},
						{
							"key": "sc",
							"value": "{{supplierID}}",
							"type": "text"
						},
						{
							"key": "mode",
							"value": "Background",
							"type": "text"
						},
						{
							"key": "emailId",
							"value": "yatratestbookings@gmail.com",
							"type": "text"
						},
						{
							"key": "ajx",
							"value": "true",
							"type": "text"
						},
						{
							"key": "bpc",
							"value": "false",
							"type": "text"
						},
						{
							"key": "flightTypeCSV",
							"value": "nf",
							"type": "text"
						},
						{
							"key": "userType",
							"value": "GUEST",
							"type": "text"
						},
						{
							"key": "bookingMode",
							"value": "",
							"type": "text"
						}
					]
				},
				"url": {
					"raw": "{{url}}/{{Resources}}/v7/getFlightPrice.htm",
					"host": [
						"{{url}}"
					],
					"path": [
						"{{Resources}}",
						"v7",
						"getFlightPrice.htm"
					]
				}
			},
			"response": []
		},
		{
			"name": "getFlightPrice Poll",
			"event": [
				{
					"listen": "test",
					"script": {
						"id": "011e153e-408f-4cf5-a63a-6569c6fa8560",
						"exec": [
							"var resBody = JSON.parse(responseBody);",
							"",
							"",
							"",
							"",
							"",
							""
						],
						"type": "text/javascript"
					}
				}
			],
			"request": {
				"method": "POST",
				"header": [
					{
						"key": "yt-code",
						"type": "text",
						"value": " {{yt-code}}"
					},
					{
						"key": "Parent-Interaction-Id",
						"type": "text",
						"value": "{{Parent-Interaction-Id}}"
					},
					{
						"key": "User-Agent",
						"type": "text",
						"value": "{{User-Agent}}"
					},
					{
						"key": "App-Version",
						"type": "text",
						"value": " {{App-Version}}"
					},
					{
						"key": "secure-s-token",
						"type": "text",
						"value": "{{secure-s-token}}"
					},
					{
						"key": "Session-Id",
						"type": "text",
						"value": "{{Session-Id}}"
					},
					{
						"warning": "This is a duplicate header and will be overridden by the Content-Type header generated by Postman.",
						"key": "Content-Type",
						"type": "text",
						"value": "{{Content-Type}}"
					},
					{
						"key": "Device-Id",
						"type": "text",
						"value": "{{Device-Id}}"
					},
					{
						"key": "Connection",
						"type": "text",
						"value": "close"
					}
				],
				"body": {
					"mode": "urlencoded",
					"urlencoded": [
						{
							"key": "appVersion",
							"value": "{{App-Version}}",
							"type": "text"
						},
						{
							"key": "sessionId",
							"value": "{{Session-Id}}",
							"type": "text"
						},
						{
							"key": "deviceId",
							"value": "{{Device-Id}}",
							"type": "text"
						},
						{
							"key": "osVersion",
							"value": "{{osVersion}}",
							"type": "text"
						},
						{
							"key": "flightPrice",
							"value": "{{totalFare}}",
							"type": "text"
						},
						{
							"key": "flightIdCSV",
							"value": "{{flightId}}",
							"type": "text"
						},
						{
							"key": "FlightIDCSV_Supplier",
							"value": "{{flightId}}",
							"type": "text"
						},
						{
							"key": "searchId",
							"value": "{{SearchId}}",
							"type": "text"
						},
						{
							"key": "sc",
							"value": "{{supplierID}}",
							"type": "text"
						},
						{
							"key": "mode",
							"value": "poll",
							"type": "text"
						},
						{
							"key": "emailId",
							"value": "yatratestbookings@gmail.com",
							"type": "text"
						},
						{
							"key": "ajx",
							"value": "true",
							"type": "text"
						},
						{
							"key": "bpc",
							"value": "false",
							"type": "text"
						},
						{
							"key": "flightTypeCSV",
							"value": "nf",
							"type": "text"
						},
						{
							"key": "userType",
							"value": "GUEST",
							"type": "text"
						},
						{
							"key": "bookingMode",
							"value": "",
							"type": "text"
						},
						{
							"key": "pid",
							"value": "{{pricingID}}",
							"type": "text"
						},
						{
							"key": "ref",
							"value": "{{SuperPnr}}",
							"type": "text"
						}
					]
				},
				"url": {
					"raw": "{{url}}/{{Resources}}/v7/getFlightPrice.htm",
					"host": [
						"{{url}}"
					],
					"path": [
						"{{Resources}}",
						"v7",
						"getFlightPrice.htm"
					]
				}
			},
			"response": []
		}
	],
	"protocolProfileBehavior": {}
}