{
	"info": {
		"_postman_id": "a26afcda-0330-4d01-b881-f18fc93ff8ff",
		"name": "PayPal",
		"schema": "https://schema.getpostman.com/json/collection/v2.1.0/collection.json"
	},
	"item": [
		{
			"name": "paypalToken",
			"request": {
				"auth": {
					"type": "basic",
					"basic": [
						{
							"key": "password",
							"value": "EOenQHDQx9DaEKhhPtNDieDyFXXBawBPciQPPVGoa1GMYs5RhLtyz9DJiwvT55na_FhRlSg4PrTXe-t0",
							"type": "string"
						},
						{
							"key": "username",
							"value": "Af8oBhxO-aOHvUSyd2MI8jFeDyHFqTltTHD03u05K2fPkjmVWe3o-aPn1ZQSGKl-7o5-SGos09X5SFMM",
							"type": "string"
						}
					]
				},
				"method": "POST",
				"header": [],
				"body": {
					"mode": "urlencoded",
					"urlencoded": [
						{
							"key": "grant_type",
							"value": "client_credentials",
							"type": "text"
						}
					]
				},
				"url": {
					"raw": "https://api.sandbox.paypal.com/v1/oauth2/token",
					"protocol": "https",
					"host": [
						"api",
						"sandbox",
						"paypal",
						"com"
					],
					"path": [
						"v1",
						"oauth2",
						"token"
					]
				}
			},
			"response": []
		},
		{
			"name": "token",
			"request": {
				"method": "GET",
				"header": [],
				"url": {
					"raw": ""
				}
			},
			"response": []
		}
	],
	"protocolProfileBehavior": {}
}